{
    "Emerald": {
        "Ambient": [
            0.0215, 0.1745, 0.0215
        ],
        "Diffuse": [
            0.07568, 0.61424, 0.07568
        ],
        "Specular": [
            0.633, 0.727811, 0.633
        ],
        "Shininess": 0.6
    },
    "Jade": {
        "Ambient": [
            0.135, 0.2225, 0.1575
        ],
        "Diffuse": [
            0.54, 0.89, 0.63
        ],
        "Specular": [
            0.316228, 0.316228, 0.316228
        ],
        "Shininess": 0.1
    },
    "Obsidian": {
        "Ambient": [
            0.05375, 0.05, 0.06625
        ],
        "Diffuse": [
            0.18275, 0.17, 0.22525
        ],
        "Specular": [
            0.332741, 0.328634, 0.346435
        ],
        "Shininess": 0.3
    },
    "Pearl": {
        "Ambient": [
            0.25, 0.20725, 0.20725
        ],
        "Diffuse": [
            1, 0.829, 0.829
        ],
        "Specular": [
            0.296648, 0.296648, 0.296648
        ],
        "Shininess": 0.088
    },
    "Ruby": {
        "Ambient": [
            0.1745, 0.01175, 0.01175
        ],
        "Diffuse": [
            0.61424, 0.04136, 0.04136
        ],
        "Specular": [
            0.727811, 0.626959, 0.626959
        ],
        "Shininess": 0.6
    },
    "Turquoise": {
        "Ambient": [
            0.1, 0.18725, 0.1745
        ],
        "Diffuse": [
            0.396, 0.74151, 0.69102
        ],
        "Specular": [
            0.297254, 0.30829, 0.306678
        ],
        "Shininess": 0.1
    },
    "Brass": {
        "Ambient": [
            0.329412, 0.223529, 0.027451
        ],
        "Diffuse": [
            0.780392, 0.568627, 0.113725
        ],
        "Specular": [
            0.992157, 0.941176, 0.807843
        ],
        "Shininess": 0.21794872
    },
    "Bronze": {
        "Ambient": [
            0.2125, 0.1275, 0.054
        ],
        "Diffuse": [
            0.714, 0.4284, 0.18144
        ],
        "Specular": [
            0.393548, 0.271906, 0.166721
        ],
        "Shininess": 0.2
    },
    "Chrome": {
        "Ambient": [
            0.25, 0.25, 0.25
        ],
        "Diffuse": [
            0.4, 0.4, 0.4
        ],
        "Specular": [
            0.774597, 0.774597, 0.774597
        ],
        "Shininess": 0.6
    },
    "Copper": {
        "Ambient": [
            0.19125, 0.0735, 0.0225
        ],
        "Diffuse": [
            0.7038, 0.27048, 0.0828
        ],
        "Specular": [
            0.256777, 0.137622, 0.086014
        ],
        "Shininess": 0.1
    },
    "Gold": {
        "Ambient": [
            0.24725, 0.1995, 0.0745
        ],
        "Diffuse": [
            0.75164, 0.60648, 0.22648
        ],
        "Specular": [
            0.628281, 0.555802, 0.366065
        ],
        "Shininess": 0.4
    },
    "Silver": {
        "Ambient": [
            0.19225, 0.19225, 0.19225
        ],
        "Diffuse": [
            0.50754, 0.50754, 0.50754
        ],
        "Specular": [
            0.508273, 0.508273, 0.508273
        ],
        "Shininess": 0.4
    },
    "Tin": {
        "Ambient": [
            0.105882, 0.058824, 0.113725
        ],
        "Diffuse": [
            0.427451, 0.470588, 0.541176
        ],
        "Specular": [
            0.333333, 0.333333, 0.521569
        ],
        "Shininess": 0.076923
    },
    "Black_plastic": {
        "Ambient": [
            0, 0, 0
        ],
        "Diffuse": [
            0.01, 0.01, 0.01
        ],
        "Specular": [
            0.5, 0.5, 0.5
        ],
        "Shininess": 0.25
    },
    "Cyan_plastic": {
        "Ambient": [
            0, 0.1, 0.06
        ],
        "Diffuse": [
            0, 0.50980392, 0.50980392
        ],
        "Specular": [
            0.50196078, 0.50196078, 0.50196078
        ],
        "Shininess": 0.25
    },
    "Green_plastic": {
        "Ambient": [
            0, 0, 0
        ],
        "Diffuse": [
            0.1, 0.35, 0.1
        ],
        "Specular": [
            0.45, 0.55, 0.45
        ],
        "Shininess": 0.25
    },
    "Red_plastic": {
        "Ambient": [
            0, 0, 0
        ],
        "Diffuse": [
            0.5, 0, 0
        ],
        "Specular": [
            0.7, 0.6, 0.6
        ],
        "Shininess": 0.25
    },
    "White_plastic": {
        "Ambient": [
            0, 0, 0
        ],
        "Diffuse": [
            0.55, 0.55, 0.55
        ],
        "Specular": [
            0.7, 0.7, 0.7
        ],
        "Shininess": 0.25
    },
    "Yellow_plastic": {
        "Ambient": [
            0, 0, 0
        ],
        "Diffuse": [
            0.5, 0.5, 0
        ],
        "Specular": [
            0.6, 0.6, 0.5
        ],
        "Shininess": 0.25
    },
    "Black_rubber": {
        "Ambient": [
            0.02, 0.02, 0.02
        ],
        "Diffuse": [
            0.01, 0.01, 0.01
        ],
        "Specular": [
            0.4, 0.4, 0.4
        ],
        "Shininess": 0.078125
    },
    "Cyan_rubber": {
        "Ambient": [
            0, 0.05, 0.05
        ],
        "Diffuse": [
            0.4, 0.5, 0.5
        ],
        "Specular": [
            0.04, 0.7, 0.7
        ],
        "Shininess": 0.078125
    },
    "Green_rubber": {
        "Ambient": [
            0, 0.05, 0
        ],
        "Diffuse": [
            0.4, 0.5, 0.4
        ],
        "Specular": [
            0.04, 0.7, 0.04
        ],
        "Shininess": 0.078125
    },
    "Red_rubber": {
        "Ambient": [
            0.05, 0, 0
        ],
        "Diffuse": [
            0.5, 0.4, 0.4
        ],
        "Specular": [
            0.7, 0.04, 0.04
        ],
        "Shininess": 0.078125
    },
    "White_rubber": {
        "Ambient": [
            0.05, 0.05, 0.05
        ],
        "Diffuse": [
            0.5, 0.5, 0.5
        ],
        "Specular": [
            0.7, 0.7, 0.7
        ],
        "Shininess": 0.078125
    },
    "Yellow_rubber": {
        "Ambient": [
            0.05, 0.05, 0
        ],
        "Diffuse": [
            0.5, 0.5, 0.4
        ],
        "Specular": [
            0.7, 0.7, 0.04
        ],
        "Shininess": 0.078125
    },
    "Polised_bronze": {
        "Ambient": [
            0.25, 0.148, 0.06475
        ],
        "Diffuse": [
            0.4, 0.2368, 0.1036
        ],
        "Specular": [
            0.774597, 0.458561, 0.200621
        ],
        "Shininess": 0.6
    },
    "Polised_copper": {
        "Ambient": [
            0.2295, 0.08825, 0.0275
        ],
        "Diffuse": [
            0.5508, 0.2118, 0.066
        ],
        "Specular": [
            0.580594, 0.223257, 0.0695701
        ],
        "Shininess": 0.4
    },
    "Polised_gold": {

        "Ambient": [
            0.24725, 0.2245, 0.0645
        ],
        "Diffuse": [
            0.34615, 0.3143, 0.0903
        ],
        "Specular": [
            0.797357, 0.723991, 0.208006
        ],
        "Shininess": 0.65
    },
    "Polised_silver": {

        "Ambient": [
            0.23125, 0.23125, 0.23125
        ],
        "Diffuse": [
            0.2775, 0.2775, 0.2775
        ],
        "Specular": [
            0.773911, 0.773911, 0.773911
        ],
        "Shininess": 0.7
    }
}
